Ljava/lang/Deprecated,27901
Lscala/reflect/ScalaSignature,17869
Lorg/jetbrains/annotations/NotNull,11316
Lorg/springframework/lang/Nullable,8055
Lorg/jboss/logging/annotations/Message,5241
Ljava/lang/annotation/Retention,3772
Ljava/lang/annotation/Target,3650
Lkotlin/Metadata,2947
Ljavax/annotation/Nonnull,2759
Lkotlin/SinceKotlin,2636
Lorg/jetbrains/annotations/Nullable,2596
Lkotlin/internal/InlineOnly,2105
Ljavax/annotation/Nullable,2073
Ljava/lang/annotation/Documented,1694
Lcom/google/errorprone/annotations/CanIgnoreReturnValue,1597
Ljava/lang/FunctionalInterface,1542
Lcom/gargoylesoftware/htmlunit/javascript/configuration/JsxGetter,1482
Lorg/codehaus/commons/nullanalysis/Nullable,1453
Lcom/google/common/annotations/Beta,1451
Lio/reactivex/annotations/CheckReturnValue,1429
Lcom/gargoylesoftware/htmlunit/javascript/configuration/JsxConstant,1404
Lio/reactivex/annotations/SchedulerSupport,1383
Lakka/annotation/InternalApi,1378
Lorg/jboss/logging/annotations/LogMessage,1287
Lcom/google/common/annotations/VisibleForTesting,1241
Lorg/kuali/rice/krad/datadictionary/parse/BeanTagAttribute,1108
Lgroovy/transform/Generated,1068
Lkotlin/jvm/JvmName,1058
Lorg/apache/hadoop/classification/InterfaceAudience$Private,1045
Lcom/google/common/annotations/GwtIncompatible,1033
Lcom/google/common/annotations/GwtCompatible,1003
Lcom/gargoylesoftware/htmlunit/javascript/configuration/JsxSetter,980
Ledu/umd/cs/findbugs/annotations/SuppressFBWarnings,971
Lnet/bytebuddy/build/HashCodeAndEqualsPlugin$Enhance,803
Lorg/assertj/core/internal/bytebuddy/build/HashCodeAndEqualsPlugin$Enhance,796
Lcom/fasterxml/jackson/annotation/JsonProperty,748
Lkotlin/ExperimentalUnsignedTypes,739
Lio/reactivex/annotations/NonNull,732
Lorg/infinispan/factories/annotations/Inject,731
Ljsinterop/annotations/JsProperty,714
Lkotlin/Deprecated,702
Lorg/springframework/context/annotation/Bean,683
Lkotlin/jvm/JvmField,657
Lorg/apache/hadoop/classification/InterfaceAudience$Public,656
Lcom/sun/istack/NotNull,642
Lcom/amazonaws/annotation/SdkInternalApi,607
Lio/reactivex/annotations/BackpressureSupport,594
Ljavax/inject/Inject,588
Lorg/assertj/core/util/CheckReturnValue,587
Lorg/apache/yetus/audience/InterfaceAudience$Private,578
Lcom/gargoylesoftware/htmlunit/javascript/configuration/JsxClass,576
Lcom/gargoylesoftware/htmlunit/javascript/configuration/JsxFunction,574
Lorg/jvnet/hk2/config/Attribute,560
Ljavax/xml/bind/annotation/XmlElement,550
Lscala/runtime/TraitSetter,533
Lorg/weakref/jmx/internal/guava/annotations/GwtIncompatible,524
Lcom/gargoylesoftware/htmlunit/javascript/configuration/JsxConstructor,522
Lorg/apache/hadoop/classification/InterfaceStability$Evolving,513
Lorg/elasticsearch/common/Nullable,512
Lorg/springframework/context/annotation/Configuration,511
Lorg/apache/poi/util/Internal,480
Ljavax/xml/bind/annotation/XmlAttribute,477
Ljavax/xml/bind/annotation/XmlAccessorType,473
Lio/vertx/codegen/annotations/Fluent,446
Lorg/apache/yetus/audience/InterfaceAudience$Public,437
Lkotlin/OverloadResolutionByLambdaReturnType,432
Lorg/springframework/boot/autoconfigure/condition/ConditionalOnMissingBean,427
Lorg/springframework/lang/NonNullApi,420
Lorg/apache/hadoop/classification/InterfaceStability$Unstable,416
Ljava/lang/SafeVarargs,404
Lorg/apache/http/annotation/Contract,395
Ljavax/xml/bind/annotation/XmlType,385
Lcom/gargoylesoftware/htmlunit/javascript/configuration/BrowserFeature,378
Lorg/weakref/jmx/internal/guava/annotations/Beta,371
Lorg/apache/hadoop/classification/InterfaceStability$Stable,369
Lkotlin/WasExperimental,362
Lorg/weakref/jmx/internal/guava/annotations/GwtCompatible,361
Lcom/mongodb/lang/Nullable,351
Lorg/springframework/lang/NonNullFields,336
Ljavax/annotation/concurrent/GuardedBy,334
Lkotlin/jvm/JvmStatic,323
Lcom/hazelcast/internal/metrics/Probe,321
Lgroovyjarjarantlr4/v4/runtime/misc/NotNull,298
Ljava/lang/annotation/Inherited,292
Lorg/apache/struts2/views/annotations/StrutsTagAttribute,290
Lorg/springframework/boot/autoconfigure/condition/ConditionalOnClass,286
Lorg/assertj/core/util/VisibleForTesting,277
Lliquibase/change/DatabaseChangeProperty,274
Lcom/opensymphony/xwork2/inject/Inject,269
Ljavax/inject/Singleton,268
Ledu/umd/cs/findbugs/annotations/SuppressWarnings,260
Lorg/osgi/service/component/annotations/Reference,255
Lnet/shibboleth/utilities/java/support/annotation/constraint/NotEmpty,254
Lorg/apache/hadoop/metrics2/annotation/Metric,250
Lorg/apache/logging/log4j/core/config/plugins/PluginBuilderAttribute,237
Lgroovy/transform/Internal,232
Lorg/spark_project/jetty/util/annotation/ManagedAttribute,232
Lorg/codehaus/plexus/component/annotations/Requirement,229
Lcom/sun/istack/Nullable,228
Lorg/apache/logging/log4j/core/config/plugins/Plugin,226
Ljavax/xml/bind/annotation/XmlRootElement,219
Lkotlin/DeprecatedSinceKotlin,218
Lio/vertx/codegen/annotations/GenIgnore,216
Lorg/infinispan/factories/scopes/Scope,211
Lorg/springframework/core/annotation/AliasFor,210
Ljavax/xml/bind/annotation/XmlElementDecl,205
Lcom/fasterxml/jackson/annotation/JsonIgnore,200
Lnet/shibboleth/utilities/java/support/annotation/constraint/NonnullElements,196
Lorg/apache/http/annotation/Immutable,195
Lorg/infinispan/jmx/annotations/ManagedAttribute,193
Lorg/apache/spark/annotation/DeveloperApi,192
Lorg/jvnet/hk2/annotations/Service,189
Lcom/hazelcast/internal/jmx/ManagedDescription,181
Lcom/hazelcast/internal/jmx/ManagedAnnotation,171
Ljakarta/xml/bind/annotation/XmlAttribute,167
Lorg/springframework/beans/factory/annotation/Autowired,167
Lgroovyjarjarantlr4/v4/runtime/RuleVersion,162
Ljavax/inject/Named,161
Lorg/apache/hadoop/classification/InterfaceAudience$LimitedPrivate,159
Lorg/elasticsearch/common/inject/Inject,157
Lio/reactivex/annotations/Nullable,156
Ljavax/enterprise/context/ApplicationScoped,154
Ljsinterop/annotations/JsType,154
Lcom/google/errorprone/annotations/concurrent/GuardedBy,153
Lorg/weakref/jmx/internal/guava/annotations/VisibleForTesting,153
Ljavax/xml/bind/annotation/XmlSchemaType,151
Lkotlin/jvm/JvmOverloads,148
Lcom/fasterxml/jackson/databind/annotation/JacksonStdImpl,147
Lorg/apache/camel/api/management/ManagedAttribute,144
Lorg/jboss/logging/annotations/MessageLogger,143
Ljavax/xml/bind/annotation/XmlAnyElement,142
Lorg/kuali/rice/krad/datadictionary/parse/BeanTag,140
Lcom/google/gwt/thirdparty/guava/common/annotations/VisibleForTesting,139
Lcom/google/inject/Inject,135
Lorg/apache/http/annotation/NotThreadSafe,134
Lorg/skife/config/Description,131
Lorg/springframework/boot/autoconfigure/condition/ConditionalOnProperty,131
Lorg/skife/config/Config,131
Lorg/springframework/context/annotation/Import,130
Lorg/eclipse/jgit/annotations/NonNull,129
Lorg/mockito/Incubating,129
Lorg/hamcrest/Factory,127
Lorg/jvnet/hk2/config/Element,127
Lorg/springframework/boot/context/properties/EnableConfigurationProperties,127
Lorg/wso2/carbon/config/annotation/Element,126
Lorg/jvnet/hk2/config/Configured,126
Lorg/teiid/translator/TranslatorProperty,126
Lakka/annotation/ApiMayChange,125
Lorg/apache/cxf/common/injection/NoJSR250Annotations,123
Lcom/google/gson/annotations/SerializedName,123
Lorg/jgroups/annotations/Property,123
Lorg/apache/logging/log4j/util/PerformanceSensitive,123
Lorg/skife/config/Default,122
Lcom/sun/xml/txw2/annotation/XmlAttribute,121
Lnet/jcip/annotations/ThreadSafe,119
Lcom/fasterxml/jackson/annotation/JsonCreator,118
Lorg/springframework/boot/autoconfigure/condition/ConditionalOnBean,118
Lorg/glassfish/api/amx/AMXConfigInfo,118
Lorg/jboss/errai/common/client/api/annotations/Portable,118
Ljavax/xml/bind/annotation/adapters/XmlJavaTypeAdapter,117
Ljavax/ws/rs/Produces,117
Lio/vertx/codegen/annotations/VertxGen,115
Lorg/codehaus/plexus/component/annotations/Component,115
Lcom/sun/xml/txw2/annotation/XmlElement,114
Lorg/springframework/boot/context/properties/ConfigurationProperties,114
Ljava/beans/Transient,114
Ljavax/xml/bind/annotation/XmlAnyAttribute,112
Lkotlin/PublishedApi,112
Lorg/apache/kafka/common/annotation/InterfaceStability$Evolving,110
Lnet/shibboleth/utilities/java/support/annotation/constraint/NonnullAfterInit,110
Lorg/eclipse/jgit/annotations/Nullable,109
Lcom/github/javaparser/ast/AllFieldsConstructor,108
Lorg/glassfish/pfl/basic/logex/Message,104
Lnet/jcip/annotations/GuardedBy,104
Lorg/killbill/billing/security/RequiresPermissions,103
Ljavax/inject/Qualifier,102
Lakka/annotation/DoNotInherit,97
Ljavax/enterprise/context/Dependent,97
Lorg/glassfish/pfl/basic/logex/Log,97
Lorg/infinispan/factories/annotations/Start,96
Lorg/springframework/web/bind/annotation/RequestMapping,96
Lcom/fasterxml/jackson/annotation/JacksonAnnotation,95
Lcom/hazelcast/internal/adapter/MethodNotAvailable,95
Ljavax/annotation/concurrent/Immutable,94
Lorg/apache/camel/spi/UriParam,93
Lorg/springframework/context/annotation/Conditional,92
Lorg/springframework/stereotype/Component,90
Lio/swagger/annotations/ApiModelProperty,87
Lcom/google/errorprone/annotations/DoNotCall,87
Ljavax/enterprise/inject/Vetoed,85
Lorg/eclipse/jetty/util/annotation/ManagedObject,85
Lorg/glassfish/gmbal/Description,85
Lorg/springframework/boot/autoconfigure/AutoConfigureAfter,84
Lcom/google/inject/Provides,84
Lbrave/internal/Nullable,83
Lorg/apache/thrift/annotation/Nullable,83
Lorg/glassfish/gmbal/ManagedAttribute,83
Ljavax/xml/bind/annotation/XmlValue,82
Ljavax/annotation/Resource,81
Lio/netty/channel/ChannelHandler$Skip,80
Lliquibase/pro/packaged/ck,80
Lcom/google/gwt/resources/client/ClientBundle$Source,80
Ljavax/ws/rs/Consumes,80
Lorg/osgi/service/component/annotations/Component,80
Lorg/apache/logging/log4j/core/config/plugins/PluginFactory,78
Lorg/osgi/annotation/versioning/ConsumerType,78
Ljavax/ws/rs/ext/Provider,77
Lorg/codehaus/jackson/map/annotate/JacksonStdImpl,77
Lnet/jcip/annotations/Immutable,77
Ljavax/annotation/CheckForNull,76
Ljakarta/xml/bind/annotation/XmlType,76
Lcom/amazonaws/annotation/SdkProtectedApi,76
Lorg/skife/jdbi/v2/sqlobject/SqlQuery,75
Lorg/jvnet/hk2/annotations/Contract,75
Lorg/jclouds/javax/annotation/Nullable,73
Lorg/eclipse/jetty/util/annotation/ManagedAttribute,73
Ljava/lang/annotation/Repeatable,72
Lorg/osgi/annotation/versioning/Version,72
Lcom/google/api/client/util/Beta,72
Lcom/google/errorprone/annotations/concurrent/LazyInit,72
Ljakarta/xml/bind/annotation/XmlElement,72
Lorg/jgroups/annotations/ManagedAttribute,72
Lorg/infinispan/commons/util/Experimental,71
Lio/netty/channel/ChannelHandler$Sharable,70
Ljakarta/enterprise/inject/Vetoed,70
Lorg/osgi/annotation/versioning/ProviderType,70
Lorg/apache/poi/util/NotImplemented,69
Ljakarta/inject/Singleton,69
Lcom/google/j2objc/annotations/Weak,68
Lorg/apache/spark/util/kvstore/KVIndex,68
Lcom/fasterxml/jackson/dataformat/xml/annotation/JacksonXmlProperty,67
Ljavax/persistence/Column,67
Lgroovyjarjarantlr4/v4/runtime/misc/Nullable,66
Lorg/osgi/service/component/annotations/Activate,66
Lnet/shibboleth/utilities/java/support/annotation/constraint/Unmodifiable,66
Ljavax/xml/bind/annotation/XmlElementWrapper,66
Lnet/bytebuddy/build/CachedReturnPlugin$Enhance,65
Lcom/oracle/webservices/api/message/PropertySet$Property,65
Lliquibase/change/DatabaseChange,65
Lorg/assertj/core/internal/bytebuddy/build/CachedReturnPlugin$Enhance,64
Ljakarta/xml/bind/annotation/XmlAccessorType,63
Ljakarta/xml/bind/annotation/XmlRootElement,63
Lcom/google/gwt/uibinder/client/UiField,63
Lnet/shibboleth/utilities/java/support/annotation/constraint/NotLive,62
Lkotlin/annotation/Target,62
Lkanela/agent/libs/net/bytebuddy/asm/Advice$OnMethodExit,62
Lorg/jgroups/annotations/MBean,61
Ljavax/ws/rs/core/Context,61
Ljavax/enterprise/inject/Produces,61
Lcom/google/web/bindery/autobean/shared/AutoBean$PropertyName,61
Lorg/infinispan/factories/annotations/ComponentName,60
Ljsinterop/annotations/JsOverlay,60
Ljavax/enterprise/inject/Typed,60
Lorg/wso2/siddhi/annotation/Extension,60
Lorg/infinispan/jmx/annotations/ManagedOperation,60
Lcom/beust/jcommander/Parameter,60
Lgroovyjarjarpicocli/CommandLine$Option,59
Lorg/apache/yetus/audience/InterfaceStability$Evolving,59
Lorg/springframework/transaction/annotation/Transactional,59
Lorg/elasticsearch/common/SuppressForbidden,58
Lakka/annotation/InternalStableApi,58
Ljavax/enterprise/util/Nonbinding,58
Lorg/springframework/core/annotation/Order,58
Ljavax/ws/rs/Path,58
Ljavax/annotation/concurrent/ThreadSafe,57
Ljavax/xml/bind/annotation/XmlTransient,57
Lcom/amazonaws/annotation/Beta,57
Ljavax/annotation/PostConstruct,56
Lorg/springframework/boot/context/properties/DeprecatedConfigurationProperty,55
Lkotlin/ExperimentalStdlibApi,55
Lorg/apache/logging/log4j/core/pattern/ConverterKeys,55
Lcom/google/errorprone/annotations/CheckReturnValue,55
Lorg/osgi/service/component/annotations/Deactivate,55
Lorg/apache/http/annotation/ThreadSafe,55
Lio/vertx/codegen/annotations/CacheReturn,54
Lcom/google/errorprone/annotations/Immutable,54
Lkotlin/annotation/Retention,54
Lcom/hazelcast/internal/serialization/BinaryInterface,53
Lkotlin/time/ExperimentalTime,53
Ljavax/annotation/ParametersAreNonnullByDefault,53
Lorg/apache/curator/shaded/com/google/common/annotations/VisibleForTesting,53
Lorg/spark_project/jetty/util/annotation/ManagedObject,52
Lorg/infinispan/protostream/annotations/ProtoField,52
Lorg/codehaus/groovy/transform/GroovyASTTransformation,52
Lorg/codehaus/groovy/transform/GroovyASTTransformationClass,51
Lorg/springframework/jmx/export/annotation/ManagedOperation,51
Lcom/google/inject/ImplementedBy,51
Lorg/jvnet/hk2/annotations/Inject,51
Ljsinterop/annotations/JsIgnore,51
Lorg/apache/logging/log4j/core/config/plugins/PluginBuilderFactory,50
Lgroovyjarjarantlr4/v4/codegen/model/ModelElement,50
Lcom/google/gwt/dom/client/TagName,50
Lorg/apache/struts2/views/annotations/StrutsTag,49
Lcom/amazonaws/annotation/ThreadSafe,48
Lorg/aspectj/lang/annotation/Pointcut,48
Lorg/springframework/context/annotation/Role,48
Ljsinterop/annotations/JsMethod,48
Lnet/sf/ehcache/util/ManagementAttribute,48
Ljakarta/inject/Inject,47
Lorg/springframework/boot/autoconfigure/condition/ConditionalOnWebApplication,47
Lorg/apache/http/annotation/Obsolete,47
Lorg/apache/cxf/common/util/ReflectionInvokationHandler$WrapReturn,47
Lorg/mockito/CheckReturnValue,46
Lorg/kuali/rice/krad/datadictionary/parse/BeanTags,46
Lorg/apache/logging/log4j/core/config/plugins/PluginElement,45
Lcom/hazelcast/spi/annotation/PrivateApi,45
Lcom/amazonaws/annotation/Immutable,45
Ljavax/annotation/CheckReturnValue,45
Lorg/apache/http/annotation/GuardedBy,44
Lcom/amazonaws/annotation/SdkTestInternalApi,44
Lorg/kuali/rice/krad/web/bind/RequestAccessible,44
Lorg/wso2/carbon/config/annotation/Configuration,43
Lorg/infinispan/factories/annotations/Stop,42
Lorg/apache/maven/plugins/annotations/Parameter,42
Lkanela/agent/libs/net/bytebuddy/asm/Advice$OnMethodEnter,42
Lnet/shibboleth/utilities/java/support/annotation/Duration,42
Lorg/kuali/rice/krad/uif/lifecycle/ViewLifecycleRestriction,41
Lcom/amazonaws/annotation/NotThreadSafe,40
Lorg/apache/hadoop/io/retry/Idempotent,40
Lorg/joda/convert/FromString,40
Ljavax/ws/rs/GET,40
Lorg/apache/poi/util/Removal,39
Lcom/google/gwt/safehtml/client/SafeHtmlTemplates$Template,39
Lorg/xwiki/component/annotation/Component,39
Lliquibase/pro/packaged/a,38
Lcom/google/gwt/resources/client/ImageResource$ImageOptions,38
Lorg/infinispan/factories/annotations/DefaultFactoryFor,38
Lorg/springframework/lang/NonNull,38
Lorg/springframework/boot/actuate/endpoint/annotation/ReadOperation,38
Lio/vertx/codegen/annotations/DataObject,38
Lorg/springframework/jmx/export/annotation/ManagedMetric,37
Lcom/google/gwt/safehtml/shared/annotations/SuppressIsSafeHtmlCastCheck,37
Lorg/apache/yetus/audience/InterfaceAudience$LimitedPrivate,37
Lorg/codehaus/mojo/animal_sniffer/IgnoreJRERequirement,37
Ljavax/xml/bind/annotation/XmlRegistry,37
Lcom/hazelcast/internal/serialization/SerializableByConvention,37
Lcom/google/gwt/resources/client/CssResource$ClassName,37
Lorg/modeshape/common/annotation/Immutable,37
Lcom/fasterxml/jackson/annotation/JsonInclude,36
Lcom/google/api/core/InternalApi,36
Lorg/springframework/jmx/export/annotation/ManagedAttribute,36
Lcom/google/errorprone/annotations/DoNotMock,36
Ljavax/xml/bind/annotation/XmlID,36
Lorg/jboss/errai/ui/shared/api/annotations/DataField,36
Lfeign/Experimental,36
Lcom/google/gwt/i18n/client/Constants$DefaultStringValue,35
Lorg/jboss/errai/common/client/api/annotations/Element,35
Ljavax/validation/Constraint,35
Ljavax/persistence/Transient,35
Lcom/yahoo/osgi/annotation/ExportPackage,35
Lorg/joda/convert/ToString,34
Lorg/jgroups/annotations/ManagedOperation,34
Lcom/mongodb/annotations/Immutable,34
Lorg/jvnet/hk2/annotations/Scoped,33
Lcom/github/javaparser/metamodel/OptionalProperty,33
Lorg/xwiki/component/annotation/Role,33
Lorg/springframework/boot/autoconfigure/condition/ConditionalOnSingleCandidate,33
Lkotlin/annotation/MustBeDocumented,33
Lorg/jboss/errai/bus/server/annotations/Remote,33
Lcom/google/j2objc/annotations/RetainedWith,32
Lclojure/lang/WarnBoxedMath,32
Ljakarta/xml/bind/annotation/XmlAnyElement,32
Lorg/springframework/boot/actuate/endpoint/annotation/Endpoint,32
Ljavax/xml/bind/annotation/XmlElements,32
Lorg/apache/hadoop/security/KerberosInfo,32
Lorg/wildfly/common/annotation/NotNull,32
Lorg/jboss/logging/annotations/ValidIdRanges,32
Lorg/codehaus/jackson/annotate/JacksonAnnotation,32
Lorg/infinispan/jmx/annotations/MBean,31
Lorg/springframework/boot/autoconfigure/AutoConfigureBefore,31
Ljavax/xml/bind/annotation/XmlSchema,30
Lcom/fasterxml/jackson/annotation/JsonIgnoreProperties,30
Lio/vertx/core/cli/annotations/Description,30
Lzipkin/internal/Nullable,30
Lcom/facebook/drift/annotations/ThriftField,29
Ljavax/ws/rs/HttpMethod,29
Lcom/google/gwt/i18n/client/LocalizableResource$Key,29
Lorg/springframework/beans/factory/annotation/Value,29
Lorg/jboss/weld/config/Description,29
Lkotlin/coroutines/jvm/internal/DebugMetadata,28
Ljavax/annotation/meta/TypeQualifierNickname,28
Ljavax/xml/bind/annotation/XmlEnumValue,28
Lcom/gargoylesoftware/htmlunit/javascript/configuration/JsxClasses,27
Lorg/springframework/data/convert/ReadingConverter,27
Lorg/infinispan/protostream/annotations/ProtoTypeId,27
Lorg/apache/logging/log4j/core/config/plugins/validation/constraints/Required,27
Lorg/neo4j/util/VisibleForTesting,27
Lorg/skife/jdbi/v2/sqlobject/SqlUpdate,27
Ledu/umd/cs/findbugs/annotations/Nullable,27
Lfeign/RequestLine,27
Ljavax/annotation/PreDestroy,26
Lio/vertx/core/cli/annotations/Option,26
Lorg/spark_project/jetty/util/annotation/ManagedOperation,26
Lorg/assertj/core/internal/bytebuddy/build/HashCodeAndEqualsPlugin$ValueHandling,26
Lorg/kuali/rice/krad/uif/util/SessionTransient,26
Ljakarta/annotation/Priority,26
Lnet/bytebuddy/build/HashCodeAndEqualsPlugin$ValueHandling,26
Lorg/assertj/core/util/CanIgnoreReturnValue,26
Ljavax/persistence/Id,26
Lcom/google/errorprone/annotations/ForOverride,25
Lorg/springframework/security/config/web/server/ServerSecurityMarker,25
Lorg/glassfish/gmbal/impl/trace/TraceRegistration,25
Lorg/terracotta/statistics/Statistic,24
Lorg/apache/cxf/management/annotation/ManagedAttribute,24
Lcom/google/api/client/util/Key,24
Lcom/fasterxml/jackson/databind/annotation/JsonDeserialize,24
Lorg/infinispan/protostream/annotations/ProtoEnumValue,24
Ljakarta/xml/bind/annotation/XmlAnyAttribute,24
Lorg/apache/avro/specific/AvroGenerated,24
Lliquibase/datatype/DataTypeInfo,24
Lcom/mongodb/annotations/NotThreadSafe,24
Lcom/amazonaws/services/dynamodbv2/datamodeling/DynamoDB,24
Lliquibase/servicelocator/LiquibaseService,23
Lorg/glassfish/gmbal/ManagedData,23
Lorg/infinispan/protostream/annotations/ProtoFactory,23
Ljakarta/ws/rs/ConstrainedTo,23
Lorg/infinispan/factories/annotations/SurvivesRestarts,23
Lcom/fasterxml/jackson/annotation/JsonTypeInfo,23
Lcom/ning/billing/security/RequiresPermissions,23
Ljavax/annotation/concurrent/NotThreadSafe,23
Lorg/atmosphere/config/AtmosphereAnnotation,23
Lorg/springframework/beans/factory/annotation/Qualifier,22
Lnet/shibboleth/utilities/java/support/annotation/constraint/Positive,22
Lorg/openqa/selenium/Beta,21
Lorg/kohsuke/args4j/Option,21
Lorg/intellij/lang/annotations/Language,21
Ljakarta/ws/rs/Produces,21
Lorg/jvnet/hk2/config/DuckTyped,20
Ljakarta/xml/bind/annotation/XmlTransient,20
Lorg/springframework/jmx/export/annotation/ManagedResource,20
Lcom/google/gwt/uibinder/client/UiConstructor,20
Lorg/springframework/web/bind/annotation/ResponseBody,20
Lorg/springframework/objenesis/instantiator/annotations/Instantiator,20
Lorg/objenesis/instantiator/annotations/Instantiator,20
Lfeign/Headers,20
Ljavax/xml/bind/annotation/XmlEnum,20
Ljavax/enterprise/inject/Any,20
Lorg/killbill/commons/jdbi/statement/SmartFetchSize,19
Ljakarta/xml/bind/annotation/XmlEnumValue,19
Ljavax/enterprise/context/NormalScope,19
Lorg/skife/jdbi/v2/sqlobject/SqlStatementCustomizingAnnotation,19
Lorg/springframework/context/annotation/Scope,19
Lorg/glassfish/gmbal/ManagedOperation,19
Lorg/glassfish/jersey/spi/Contract,19
Lcom/google/inject/Singleton,19
Ljakarta/xml/bind/annotation/XmlSchemaType,19
Lrx/internal/util/SuppressAnimalSniffer,18
Lkotlin/internal/ContractsDsl,18
Lcom/fasterxml/jackson/annotation/JsonValue,18
Ljavax/jws/soap/SOAPBinding,18
Ljava/beans/ConstructorProperties,18
Lorg/weakref/jmx/Managed,18
Lio/swagger/annotations/ApiOperation,18
Ljakarta/ws/rs/Consumes,18
Lorg/springframework/security/config/web/servlet/SecurityMarker,18
Lorg/glassfish/gmbal/impl/trace/TraceTypelib,18
Lorg/apache/hadoop/ipc/ProtocolInfo,17
Lio/reactivex/annotations/Experimental,17
Lorg/jgroups/annotations/Experimental,17
Lnet/sf/ehcache/pool/sizeof/annotations/IgnoreSizeOf,17
Lorg/apache/spark/annotation/Experimental,17
Ljavax/jws/WebMethod,17
Lorg/jboss/errai/common/client/api/annotations/BrowserEvent,17
Lnet/shibboleth/utilities/java/support/annotation/constraint/Live,17
Ljavax/jws/WebService,17
Lorg/jetbrains/annotations/NonNls,17
Lorg/glassfish/gmbal/impl/trace/TraceRuntime,16
Lorg/teiid/Replicated,16
Lorg/aspectj/lang/annotation/Aspect,16
Lorg/springframework/data/convert/WritingConverter,16
Lorg/spark_project/guava/annotations/VisibleForTesting,16
Ljavax/annotation/processing/SupportedAnnotationTypes,16
Lorg/killbill/commons/jdbi/template/KillBillSqlDaoStringTemplate,16
Lorg/springframework/context/annotation/Lazy,16
Lorg/eclipse/rdf4j/common/annotation/Experimental,16
Lorg/mockito/NotExtensible,15
Ljavax/validation/constraints/Min,15
Lio/swagger/annotations/ApiResponses,15
Lcom/google/gwt/safehtml/shared/annotations/IsSafeHtml,15
Lorg/wildfly/swarm/config/runtime/AttributeDocumentation,15
Lorg/springframework/data/repository/NoRepositoryBean,15
Lorg/apache/logging/log4j/core/config/plugins/PluginConfiguration,15
Lcom/oracle/svm/core/annotate/TargetClass,14
Ljavax/persistence/Entity,14
LaQute/bnd/annotation/Version,14
Lcom/google/inject/BindingAnnotation,14
Ljavax/xml/bind/annotation/XmlSeeAlso,14
Lorg/springframework/boot/convert/DurationUnit,14
Ljavax/annotation/Priority,14
Ljavax/validation/constraints/NotNull,14
Lorg/apache/spark/annotation/Private,14
Lorg/glassfish/pfl/tf/spi/annotation/InfoMethod,14
Ljavax/persistence/Table,14
Lorg/eclipse/jetty/util/annotation/ManagedOperation,14
Lorg/glassfish/gmbal/ManagedObject,14
Ljavax/enterprise/inject/Alternative,14
Lnet/bytebuddy/asm/Advice$OnMethodExit,13
Lorg/apache/hadoop/metrics2/annotation/Metrics,13
Lorg/springframework/stereotype/Controller,13
Lcom/fasterxml/jackson/annotation/JsonPropertyOrder,13
Lorg/apache/lucene/util/SuppressForbidden,13
Lcom/hazelcast/sql/impl/type/converter/NotConvertible,13
Lcom/mongodb/lang/NonNullApi,13
Lorg/springframework/context/annotation/Primary,13
Lorg/springframework/boot/autoconfigure/AutoConfigureOrder,13
Lorg/infinispan/notifications/Listener,13
Lnet/bytebuddy/asm/Advice$OnMethodEnter,13
Ljakarta/xml/bind/annotation/adapters/XmlJavaTypeAdapter,13
Lorg/jboss/errai/common/client/api/annotations/Property,13
Lorg/springframework/integration/support/management/IntegrationManagedResource,12
Lorg/codehaus/groovy/transform/trait/Traits$Implemented,12
Ljavax/validation/Valid,12
Lnet/shibboleth/utilities/java/support/annotation/constraint/NonNegative,12
Lorg/springframework/boot/context/properties/NestedConfigurationProperty,12
Ljavax/annotation/meta/TypeQualifier,12
Ljavax/xml/bind/annotation/XmlElementRef,12
Lcom/facebook/drift/annotations/ThriftConstructor,12
Lcom/mongodb/annotations/ThreadSafe,12
Lcom/facebook/drift/annotations/ThriftStruct,12
Lorg/apache/poi/util/SuppressForbidden,12
Lorg/apache/tika/config/Field,12
Lorg/apache/commons/digester/annotations/DigesterRule,12
Lcom/sun/xml/ws/api/FeatureConstructor,12
Lorg/jboss/errai/ui/shared/api/annotations/Templated,12
Lcom/fasterxml/jackson/annotation/JsonAutoDetect,12
Lorg/glassfish/gmbal/impl/trace/TraceRegistrationFine,12
Ljavax/ws/rs/DELETE,11
Lio/grpc/ExperimentalApi,11
Ljakarta/inject/Qualifier,11
Lorg/springframework/shell/core/annotation/CliCommand,11
Lcom/google/inject/servlet/RequestScoped,11
Lcom/google/gwt/resources/client/CssResource$ImportedWithPrefix,11
Lcom/github/javaparser/metamodel/InternalProperty,11
Lorg/springframework/boot/actuate/autoconfigure/endpoint/condition/ConditionalOnAvailableEndpoint,11
Lorg/jboss/errai/ui/shared/api/annotations/EventHandler,11
Lorg/aspectj/lang/annotation/Around,11
Lorg/apache/groovy/lang/annotation/Incubating,11
Lcom/esotericsoftware/kryo/util/Null,11
Lorg/apache/axis2/databinding/annotation/IgnoreNullElement,11
Ljavax/xml/ws/WebFault,11
Lcom/google/gwt/core/ext/Generator$RunsLocal,11
Ljavax/ws/rs/POST,11
Lgroovyjarjarpicocli/CommandLine$Parameters,11
Lgroovyjarjarpicocli/CommandLine$Command,11
Lcom/yahoo/api/annotations/PublicApi,11
Lorg/jboss/errai/ioc/client/api/EnabledByProperty,11
Lorg/springframework/boot/actuate/endpoint/annotation/WriteOperation,11
Lcom/google/gwt/uibinder/client/UiHandler,11
Lcom/alibaba/fastjson/annotation/JSONType,11
Ljavax/xml/bind/annotation/XmlMixed,11
Lkotlin/jvm/JvmInline,10
Ljavax/annotation/meta/TypeQualifierDefault,10
Lorg/jboss/logging/annotations/MessageBundle,10
Lcom/oracle/svm/core/annotate/Substitute,10
Lorg/terracotta/context/annotations/ContextChild,10
Lcom/hazelcast/spi/annotation/Beta,10
Lorg/apache/commons/digester/annotations/DigesterRuleList,10
Lorg/uberfire/commons/services/cdi/Startup,10
Lkotlin/contracts/ExperimentalContracts,10
Lorg/kuali/rice/krad/uif/component/RequestParameter,10
Ljavax/persistence/Converter,10
Lorg/apache/karaf/shell/api/action/Option,10
Ljavax/ws/rs/PUT,10
Ljavax/interceptor/InterceptorBinding,10
Lorg/restcomm/connect/commons/annotations/concurrency/ThreadSafe,10
Ljakarta/xml/ws/spi/WebServiceFeatureAnnotation,10
Lorg/glassfish/jersey/internal/util/PropertyAlias,10
Lorg/apache/cxf/management/annotation/ManagedOperation,10
Lorg/terracotta/context/annotations/ContextAttribute,10
Lorg/glassfish/pfl/basic/algorithm/DumpToString,9
Lorg/kuali/rice/krad/web/controller/MethodAccessible,9
Lcom/fasterxml/jackson/databind/annotation/JsonSerialize,9
Lorg/parboiled/annotations/Cached,9
Lcom/github/javaparser/metamodel/DerivedProperty,9
Lorg/assertj/core/internal/bytebuddy/asm/Advice$OnMethodExit,9
Lokhttp3/internal/SuppressSignatureCheck,9
Lorg/glassfish/jersey/internal/util/PropertiesClass,9
Ljavax/jws/WebResult,9
Lorg/skife/config/DefaultNull,9
Lcom/amazonaws/services/dynamodbv2/datamodeling/DynamoDBTyped,9
Ljakarta/xml/bind/annotation/XmlEnum,9
Lcom/fasterxml/jackson/annotation/JsonAnyGetter,9
Lcom/github/javaparser/metamodel/NonEmptyProperty,9
Ljavax/enterprise/inject/Stereotype,9
Lcom/google/common/collect/GwtTransient,9
Lorg/glassfish/api/amx/AMXCreatorInfo,9
Lcom/gargoylesoftware/htmlunit/javascript/configuration/JsxStaticFunction,9
Ljavax/xml/bind/annotation/XmlElementRefs,9
Lorg/killbill/billing/platform/api/LifecycleHandlerType,9
Lorg/assertj/core/internal/bytebuddy/asm/Advice$OnMethodEnter,9
Lorg/wildfly/swarm/spi/api/annotations/Configurable,9
Lkotlin/internal/LowPriorityInOverloadResolution,9
Ljavax/inject/Scope,9
Lorg/apache/logging/log4j/core/config/plugins/PluginAliases,8
Lorg/modeshape/common/annotation/ThreadSafe,8
Lorg/modeshape/common/annotation/NotThreadSafe,8
Lorg/glassfish/gmbal/InheritedAttributes,8
Lio/vertx/core/cli/annotations/DefaultValue,8
Lcom/google/api/core/BetaApi,8
Lorg/springframework/context/event/EventListener,8
Lorg/atmosphere/inject/annotation/ApplicationScoped,8
Lorg/apache/logging/log4j/core/config/plugins/PluginAttribute,8
Lorg/apache/cxf/management/annotation/ManagedResource,8
Lorg/jboss/errai/bus/server/annotations/Service,8
Lorg/glassfish/hk2/api/Visibility,8
Lorg/apache/deltaspike/core/api/config/ConfigProperty,8
Lkotlin/RequiresOptIn,8
Lcom/google/j2objc/annotations/ReflectionSupport,8
Lorg/springframework/boot/autoconfigure/data/ConditionalOnRepositoryType,8
Lorg/wildfly/swarm/spi/runtime/annotations/ConfigurationValue,8
Lcom/sun/xml/txw2/annotation/XmlNamespace,8
Ljakarta/xml/bind/annotation/XmlElementWrapper,8
Lorg/apache/felix/scr/annotations/Component,8
Lio/micronaut/core/annotation/Generated,8
Lgroovy/transform/AnnotationCollector,8
Lorg/kuali/rice/krad/uif/component/DelayedCopy,8
Lorg/apache/karaf/shell/api/action/lifecycle/Reference,8
Lscala/reflect/ScalaLongSignature,8
Lorg/apache/logging/log4j/message/AsynchronouslyFormattable,8
Lorg/springframework/security/config/web/servlet/headers/HeadersSecurityMarker,8
Lorg/restcomm/connect/commons/annotations/concurrency/Immutable,8
Lorg/apache/felix/scr/annotations/Service,8
Lkotlin/Experimental,7
Ljavax/persistence/MappedSuperclass,7
Ljavax/management/MXBean,7
Lkotlin/DslMarker,7
Lorg/aspectj/lang/annotation/SuppressAjWarnings,7
Lorg/apache/cxf/annotations/Provider,7
Ljakarta/xml/bind/annotation/XmlValue,7
Lnet/jcip/annotations/NotThreadSafe,7
Lcom/fasterxml/jackson/annotation/JsonAnySetter,7
Lorg/neo4j/annotations/service/Service,7
Lorg/apache/camel/spi/Metadata,7
Ljakarta/xml/bind/annotation/XmlSchema,7
Ljavax/enterprise/context/RequestScoped,7
Ljakarta/xml/bind/annotation/XmlID,7
Lcom/mongodb/lang/NonNull,7
Lorg/glassfish/gmbal/DescriptorKey,7
Ljavax/ws/rs/container/PreMatching,7
Lnet/bytebuddy/implementation/bind/annotation/RuntimeType,7
Lorg/atmosphere/inject/annotation/RequestScoped,7
Lorg/kuali/rice/krad/uif/component/KeepExpression,7
Lorg/killbill/billing/util/entity/dao/Audited,7
Lorg/apache/felix/service/command/Descriptor,7
Ljakarta/inject/Scope,7
Lcom/google/gwt/resources/ext/ResourceGeneratorType,7
Lorg/apache/yetus/audience/InterfaceStability$Stable,7
Lcom/fasterxml/jackson/dataformat/xml/annotation/JacksonXmlElementWrapper,7
Lorg/jclouds/rest/annotations/Fallback,6
Lorg/apache/karaf/shell/api/action/lifecycle/Service,6
Lorg/assertj/core/annotations/Beta,6
Ljavax/ws/rs/ConstrainedTo,6
Lio/vertx/core/cli/annotations/Hidden,6
Lio/vertx/core/cli/annotations/Summary,6
Ljakarta/xml/bind/annotation/XmlRegistry,6
Lio/vertx/core/cli/annotations/Name,6
Lorg/wildfly/swarm/spi/api/annotations/Configurables,6
Ljavax/enterprise/inject/Default,6
Lorg/springframework/boot/autoconfigure/web/servlet/ConditionalOnMissingFilterBean,6
Lorg/apache/logging/log4j/core/config/plugins/PluginVisitorStrategy,6
Lcom/oracle/svm/core/annotate/Alias,6
Lcom/fasterxml/jackson/annotation/JsonSetter,6
Lorg/apache/karaf/shell/api/action/Argument,6
Lorg/infinispan/commons/configuration/BuiltBy,6
Lcom/google/errorprone/annotations/RestrictedApi,6
Lorg/restcomm/connect/commons/annotations/concurrency/NotThreadSafe,6
Lcom/google/gwt/safehtml/shared/annotations/SuppressIsSafeUriCastCheck,6
Ljavax/servlet/annotation/HandlesTypes,6
Lorg/jboss/errai/ioc/client/api/IOCProvider,6
Lorg/apache/karaf/shell/api/action/Command,6
Ljakarta/ws/rs/core/Context,6
Lorg/apache/aries/blueprint/Namespaces,6
Lorg/springframework/context/annotation/DependsOn,6
Lcom/oracle/svm/core/annotate/Delete,6
Lorg/jvnet/animal_sniffer/IgnoreJRERequirement,6
Ljavax/xml/ws/Action,6
Lcom/google/gwt/dom/client/PartialSupport,6
Lcom/google/gwt/i18n/client/Messages$DefaultMessage,5
Ljavax/interceptor/AroundInvoke,5
Lorg/wildfly/swarm/spi/runtime/annotations/DeploymentScoped,5
Lorg/specrunner/parameters/DontEval,5
Lorg/apache/logging/log4j/core/config/Order,5
Lorg/neo4j/annotations/api/IgnoreApiCheck,5
Lio/swagger/annotations/ApiModel,5
Lorg/infinispan/commons/marshall/SerializeWith,5
Lorg/junit/Before,5
Lorg/springframework/boot/actuate/endpoint/annotation/FilteredEndpoint,5
Lcom/google/gwt/core/ext/linker/Shardable,5
Lcom/google/inject/assistedinject/AssistedInject,5
Lcom/google/common/eventbus/Subscribe,5
Lorg/springframework/data/annotation/PersistenceConstructor,5
Lorg/springframework/boot/autoconfigure/security/ConditionalOnDefaultWebSecurity,5
Lcom/oracle/svm/core/annotate/AlwaysInline,5
Ljavax/interceptor/Interceptor,5
Lcom/mongodb/annotations/Beta,5
Lnet/sf/ehcache/util/FindBugsSuppressWarnings,5
Lorg/parboiled/annotations/MemoMismatches,5
Lgroovy/lang/Delegate,5
Lde/schlund/pfixcore/oxm/impl/annotation/ComplexTypeSerializerClass,5
Lorg/wildfly/swarm/spi/runtime/annotations/Post,5
Lorg/glassfish/pfl/tf/spi/annotation/MethodMonitorGroup,5
Ljavax/persistence/JoinColumn,5
Lorg/uberfire/preferences/shared/annotations/Property,5
Lcom/amazonaws/services/dynamodbv2/datamodeling/DynamoDBTypeConverted,5
Ljakarta/xml/bind/annotation/XmlElements,5
Lorg/infinispan/notifications/cachemanagerlistener/annotation/ViewChanged,5
Lorg/springframework/boot/actuate/endpoint/annotation/DeleteOperation,5
Lorg/springframework/boot/actuate/endpoint/web/annotation/EndpointWebExtension,5
Lorg/skife/jdbi/v2/sqlobject/BindingAnnotation,5
Lcom/alibaba/fastjson/annotation/JSONField,5
Ljavaemul/internal/annotations/CompilerHint,5
Lorg/springframework/data/annotation/QueryAnnotation,5
Lorg/eclipse/persistence/annotations/Index,5
Ljavax/annotation/Nonnegative,5
Lorg/apache/hadoop/io/retry/AtMostOnce,5
Lcom/google/inject/ScopeAnnotation,5
Lcom/google/gwt/safehtml/shared/annotations/SuppressIsTrustedResourceUriCastCheck,5
Lorg/apache/camel/api/management/ManagedResource,4
Lorg/springframework/lang/UsesSunHttpServer,4
Lorg/codehaus/commons/nullanalysis/NotNullByDefault,4
Lorg/springframework/cloud/client/ConditionalOnDiscoveryEnabled,4
Ljavax/persistence/PrePersist,4
Ljakarta/xml/bind/annotation/XmlElementDecl,4
Ljavax/persistence/Embeddable,4
Lorg/springframework/stereotype/Indexed,4
Lorg/jboss/weld/environment/se/bindings/Parameters,4
Lcom/amazonaws/services/dynamodbv2/datamodeling/DynamoDBAutoGenerated,4
Ljavax/annotation/Untainted,4
Lorg/glassfish/external/probe/provider/annotations/Probe,4
Lorg/glassfish/jersey/Beta,4
Lorg/skife/jdbi/v2/sqlobject/customizers/BatchChunkSize,4
Lorg/jclouds/location/Zone,4
Lorg/springframework/web/bind/annotation/ControllerAdvice,4
Lgroovyjarjarpicocli/CommandLine$ParentCommand,4
Lorg/bson/codecs/pojo/annotations/BsonProperty,4
Lorg/infinispan/notifications/cachelistener/annotation/TopologyChanged,4
Lorg/kuali/rice/krad/uif/component/ReferenceCopy,4
Lorg/bson/codecs/pojo/annotations/BsonIgnore,4
Lorg/codehaus/enunciate/json/JsonName,4
Lorg/springframework/boot/autoconfigure/condition/ConditionalOnJndi,4
Ljavax/servlet/annotation/WebListener,4
Lorg/glassfish/gmbal/AMXMetadata,4
Landroid/annotation/SuppressLint,4
Lorg/skife/jdbi/v2/sqlobject/GetGeneratedKeys,4
Lorg/jclouds/rest/annotations/ResponseParser,4
Lorg/apache/camel/api/management/ManagedOperation,4
Ljavax/persistence/GeneratedValue,4
Ljavax/persistence/Lob,4
Ljavax/persistence/ManyToOne,4
Lcom/google/gwt/resources/ext/DefaultExtensions,4
Lorg/junit/After,4
Lorg/glassfish/gmbal/NameValue,4
Lorg/wildfly/swarm/spi/runtime/annotations/Pre,4
Ljsinterop/annotations/JsFunction,4
Lorg/springframework/security/config/web/servlet/oauth2/login/OAuth2LoginSecurityMarker,4
Lorg/aspectj/internal/lang/annotation/ajcDeclareParents,4
Lcom/google/common/util/concurrent/Partially$GwtIncompatible,4
Lcom/fasterxml/jackson/annotation/JsonFormat,4
Lorg/jboss/errai/ioc/client/api/EntryPoint,4
Lorg/elasticsearch/common/inject/BindingAnnotation,4
Ljavax/validation/constraints/NotEmpty,4
Lcom/google/gwt/safehtml/shared/annotations/IsSafeUri,4
Lorg/springframework/boot/autoconfigure/web/ConditionalOnEnabledResourceChain,4
Lorg/junit/jupiter/api/extension/ExtendWith,4
Lorg/skife/jdbi/v2/sqlobject/SqlBatch,4
Lorg/commonjava/web/config/annotation/ConfigName,4
Lcom/google/gwt/i18n/client/LocalizableResource$DefaultLocale,4
Lorg/weakref/jmx/internal/guava/util/concurrent/Partially$GwtIncompatible,4
Ljakarta/ws/rs/container/PreMatching,4
Lorg/springframework/boot/autoconfigure/condition/ConditionalOnMissingClass,4
Lcom/google/gwt/core/ext/linker/LinkerOrder,4
Lorg/codehaus/enunciate/json/JsonProperty,4
Lorg/intellij/lang/annotations/Pattern,4
Ljavax/ws/rs/PathParam,4
Lcom/google/inject/multibindings/MapKey,4
Lorg/codehaus/jackson/annotate/JsonProperty,4
Lorg/springframework/test/context/TestExecutionListeners,4
Lorg/jgroups/annotations/Unsupported,3
Lrx/annotations/Experimental,3
Lcom/fasterxml/jackson/dataformat/xml/annotation/JacksonXmlRootElement,3
Lcom/amazonaws/annotation/GuardedBy,3
Lorg/springframework/context/annotation/ComponentScan,3
Lcom/fasterxml/jackson/annotation/JsonUnwrapped,3
Lcom/google/gwt/uibinder/client/UiChild,3
Lorg/apache/logging/log4j/core/config/plugins/validation/Constraint,3
Lorg/kuali/rice/krad/uif/component/ClientSideState,3
Ljakarta/annotation/PreDestroy,3
Ljavax/ws/rs/HEAD,3
Lorg/neo4j/configuration/Internal,3
Lorg/springframework/boot/autoconfigure/condition/ConditionalOnResource,3
Lorg/elasticsearch/common/SuppressLoggerChecks,3
Lorg/apache/deltaspike/core/api/resourceloader/InjectableResource,3
Lorg/apache/camel/spi/UriPath,3
Lorg/mockito/internal/SuppressSignatureCheck,3
Lorg/jboss/errai/ioc/client/api/CodeDecorator,3
Lorg/springframework/boot/actuate/endpoint/web/annotation/WebEndpoint,3
Lorg/jclouds/collect/Memoized,3
Lorg/apache/maven/plugins/annotations/Mojo,3
Lorg/jboss/logging/annotations/Once,3
Lorg/apache/kafka/common/annotation/InterfaceStability$Unstable,3
Lorg/weakref/jmx/ManagedAnnotation,3
Lorg/springframework/data/annotation/Persistent,3
Lorg/apache/deltaspike/core/api/config/view/metadata/ViewMetaData,3
Ljavax/annotation/processing/SupportedOptions,3
Lorg/jboss/resteasy/annotations/DecorateTypes,3
Ljavax/servlet/annotation/WebServlet,3
Ljavax/annotation/processing/SupportedSourceVersion,3
Lorg/quartz/PersistJobDataAfterExecution,3
Lorg/jboss/resteasy/annotations/Decorator,3
Lcom/sun/jersey/spi/inject/ConstrainedTo,3
Lorg/uberfire/preferences/shared/annotations/PortablePreference,3
Lorg/wildfly/swarm/container/runtime/xmlconfig/XMLConfig,3
Lorg/apache/logging/log4j/core/config/plugins/validation/constraints/ValidPort,3
Lkotlin/internal/HidesMembers,3
Lorg/jboss/errai/common/client/api/annotations/IOCProducer,3
Lorg/uberfire/annotations/FallbackImplementation,3
Lorg/springframework/cloud/client/ConditionalOnReactiveDiscoveryEnabled,3
Ljakarta/interceptor/Interceptor,3
Lorg/glassfish/gmbal/impl/trace/TraceTypelibEval,3
Lorg/jboss/errai/ioc/client/api/IOCExtension,3
Lorg/specrunner/expressions/Unsilent,3
Lnet/serenitybdd/core/annotations/ImplementedBy,3
Lcom/fasterxml/jackson/annotation/JsonRootName,3
Lcom/hazelcast/internal/metrics/ExcludedMetricTargets,3
Ledu/umd/cs/findbugs/annotations/NonNull,3
Lorg/infinispan/protostream/annotations/AutoProtoSchemaBuilder,3
Lorg/assertj/core/internal/bytebuddy/implementation/bind/annotation/RuntimeType,3
Lorg/apache/avro/reflect/Nullable,3
Lorg/aspectj/lang/annotation/DeclareMixin,3
Lnet/shibboleth/utilities/java/support/annotation/constraint/ThreadSafeAfterInit,3
Lorg/springframework/context/annotation/EnableAspectJAutoProxy,3
Lorg/jboss/xb/annotations/JBossXmlEnum,3
Lcom/facebook/drift/annotations/ThriftEnum,3
Ljavax/xml/ws/spi/WebServiceFeatureAnnotation,3
Lorg/glassfish/external/arc/Taxonomy,3
Lorg/jclouds/location/Region,3
Lcom/sun/jersey/server/spi/component/ResourceComponentProviderFactoryClass,3
Lorg/uberfire/preferences/shared/annotations/WorkbenchPreference,3
Lorg/aspectj/lang/annotation/After,3
Lorg/kie/api/definition/type/Role,3
Lorg/springframework/security/config/annotation/authentication/configuration/EnableGlobalAuthentication,3
Lorg/quartz/DisallowConcurrentExecution,3
Lcom/facebook/drift/annotations/ThriftEnumValue,3
Lgroovy/transform/Trait,3
Lcom/google/web/bindery/requestfactory/shared/ProxyFor,3
Lorg/bson/codecs/pojo/annotations/BsonCreator,3
Ljavax/jws/Oneway,3
Lcom/google/auto/value/AutoValue,3
Lorg/apache/deltaspike/core/api/config/view/metadata/Aggregated,3
Lorg/weakref/jmx/internal/guava/collect/GwtTransient,3
Lcom/google/gwt/user/client/ui/ImageBundle$Resource,3
Lorg/neo4j/configuration/Description,3
Lorg/apache/maven/plugins/annotations/Component,3
Lorg/kuali/rice/krad/data/jpa/PortableSequenceGenerator,3
Lorg/springframework/data/mongodb/repository/Query,3
Ljdk/jfr/Label,3
Lorg/apache/deltaspike/core/api/scope/WindowScoped,3
Lorg/glassfish/jersey/client/ClientAsyncExecutor,2
Lorg/jgroups/annotations/XmlElement,2
Lorg/eclipse/sisu/Nullable,2
Lorg/springframework/boot/actuate/endpoint/annotation/EndpointExtension,2
Lgroovyjarjarpicocli/CommandLine$Unmatched,2
Ljavaemul/internal/annotations/UncheckedCast,2
Lorg/xwiki/stability/Unstable,2
Lorg/springframework/security/config/annotation/web/configuration/EnableWebSecurity,2
Ljakarta/xml/bind/annotation/XmlMixed,2
Lorg/springframework/boot/devtools/restart/RestartScope,2
Lsun/misc/Contended,2
Ljavax/annotation/WillNotClose,2
Lcom/google/web/bindery/requestfactory/shared/Service,2
Lorg/infinispan/notifications/cachelistener/annotation/CacheEntryCreated,2
Lorg/apache/logging/log4j/core/config/plugins/validation/constraints/ValidHost,2
Lorg/wildfly/swarm/spi/api/annotations/MarshalDMR,2
Lgroovy/transform/ToString,2
Lcom/fasterxml/jackson/annotation/JsonGetter,2
Lorg/apache/logging/log4j/core/config/Scheduled,2
Lorg/springframework/boot/autoconfigure/SpringBootApplication,2
Lcom/google/gwt/core/client/SingleJsoImpl,2
Ljakarta/inject/Named,2
Lgrails/compiler/ast/AstTransformer,2
Ljavax/persistence/OneToOne,2
Lorg/junit/runner/RunWith,2
Lorg/aspectj/lang/annotation/AfterReturning,2
Ljakarta/xml/bind/annotation/XmlIDREF,2
Lorg/springframework/cloud/stream/annotation/Output,2
Lorg/apache/camel/spi/UriEndpoint,2
Lorg/springframework/security/config/web/servlet/session/SessionSecurityMarker,2
Lcom/fasterxml/jackson/annotation/JsonSubTypes,2
Lgroovyjarjarpicocli/CommandLine$Spec,2
Lorg/apache/camel/spi/annotations/Component,2
Lrx/annotations/Beta,2
Lorg/infinispan/notifications/cachelistener/annotation/CacheEntryRemoved,2
Ljavax/annotation/RegEx,2
Lorg/springframework/messaging/handler/annotation/MessageMapping,2
Ljakarta/servlet/annotation/HandlesTypes,2
Lorg/jgroups/annotations/XmlInclude,2
Lnet/shibboleth/utilities/java/support/annotation/Prototype,2
Lorg/codehaus/jackson/annotate/JsonCreator,2
Lorg/glassfish/pfl/basic/algorithm/DumpIgnore,2
Lcom/fasterxml/jackson/annotation/JsonFilter,2
Ljavax/persistence/IdClass,2
Lcom/google/inject/internal/Annotations$TestAnnotation,2
Lreactor/util/annotation/Nullable,2
Lorg/glassfish/external/probe/provider/annotations/ProbeProvider,2
Lkotlin/experimental/ExperimentalTypeInference,2
Lorg/infinispan/configuration/parsing/Namespaces,2
Lio/vertx/core/cli/annotations/Argument,2
Lorg/wso2/carbon/apimgt/impl/MethodStats,2
Lorg/aspectj/internal/lang/annotation/ajcDeclareEoW,2
Ljakarta/xml/bind/annotation/XmlElementRef,2
Ljavax/annotation/ParametersAreNullableByDefault,2
Ljavax/xml/ws/RequestWrapper,2
Lio/swagger/annotations/Api,2
Lorg/neo4j/kernel/recovery/RecoveryExtension,2
Lorg/apache/commons/digester/annotations/CreationRule,2
Lcom/sun/xml/ws/api/server/InstanceResolverAnnotation,2
Lorg/infinispan/commons/configuration/ConfiguredBy,2
Lorg/springframework/web/bind/annotation/ExceptionHandler,2
Ledu/umd/cs/findbugs/annotations/CreatesObligation,2
Lorg/wso2/carbon/config/annotation/Ignore,2
Lcom/google/gwt/core/shared/GwtIncompatible,2
Lorg/junit/experimental/theories/ParametersSuppliedBy,2
Lorg/springframework/stereotype/Repository,2
Lcom/google/auto/value/AutoValue$Builder,2
Lorg/junit/runner/notification/RunListener$ThreadSafe,2
Lorg/jclouds/location/Provider,2
Lorg/springframework/beans/factory/annotation/Required,2
Lcom/google/gwt/core/client/GwtScriptOnly,2
Lorg/apache/hadoop/security/token/TokenInfo,2
Ljakarta/ws/rs/Path,2
Lorg/wildfly/common/annotation/Nullable,2
Lorg/apache/avro/reflect/Stringable,2
Lorg/apache/hadoop/mapreduce/task/annotation/Checkpointable,2
Ljavax/persistence/PreUpdate,2
Lliquibase/pro/packaged/i,2
Lorg/jclouds/http/annotation/ServerError,2
Lorg/jboss/errai/ioc/client/api/ScopeContext,2
Ljavax/annotation/Syntax,2
Lorg/jclouds/http/annotation/Redirection,2
Lcom/google/auto/service/AutoService,2
Lorg/glassfish/hk2/api/PerLookup,2
Lorg/glassfish/jaxb/core/annotation/XmlLocation,2
Lorg/springframework/boot/context/properties/ConfigurationPropertiesBinding,2
Ljakarta/xml/bind/annotation/XmlElementRefs,2
Lorg/apache/karaf/util/tracker/annotation/Services,2
Lorg/jboss/errai/config/rebind/GenerateAsync,2
Lorg/graalvm/nativeimage/Platforms,2
Lgroovy/transform/EqualsAndHashCode,2
Lorg/jclouds/location/Iso3166,2
Lorg/jboss/errai/marshalling/client/api/annotations/Key,2
Ljavax/ws/rs/QueryParam,2
Lkotlin/coroutines/RestrictsSuspension,2
Lorg/springframework/boot/actuate/autoconfigure/health/ConditionalOnEnabledHealthIndicator,2
Lcom/google/errorprone/annotations/OverridingMethodsMustInvokeSuper,2
Lorg/kie/api/definition/type/PropertyReactive,2
Lorg/springframework/security/config/web/servlet/oauth2/resourceserver/OAuth2ResourceServerSecurityMarker,2
Lorg/glassfish/pfl/basic/logex/ExceptionWrapper,2
Lorg/springframework/data/annotation/Id,2
Lorg/codehaus/plexus/component/annotations/Configuration,2
Lorg/glassfish/jersey/client/ClientBackgroundScheduler,2
Lorg/jvnet/hk2/annotations/ContractProvided,2
Lorg/codehaus/enunciate/json/JsonRootType,2
Lorg/jboss/arquillian/core/api/annotation/Scope,2
Lorg/springframework/data/mongodb/core/mapping/Unwrapped,2
Lorg/springframework/cloud/client/loadbalancer/LoadBalanced,2
Lorg/apache/camel/Converter,2
Lorg/junit/validator/ValidateWith,2
LaQute/bnd/annotation/spi/ServiceConsumer,2
Ljakarta/interceptor/InterceptorBinding,2
Lcom/amazonaws/services/dynamodbv2/datamodeling/DynamoDBKeyed,2
Lorg/jboss/errai/common/client/api/annotations/LocalEvent,2
Lorg/springframework/integration/config/EnableIntegration,2
Lorg/infinispan/notifications/cachemanagerlistener/annotation/CacheStopped,2
Ljavax/enterprise/context/SessionScoped,2
Lcom/google/errorprone/annotations/MustBeClosed,2
Lorg/commonjava/web/config/annotation/SectionName,2
Lorg/springframework/test/context/ContextConfiguration,2
Lorg/wildfly/swarm/spi/api/annotations/WildFlyExtension,2
Lorg/wso2/msf4j/interceptor/annotation/RequestInterceptor,2
Ljakarta/interceptor/AroundInvoke,2
Lorg/osgi/annotation/bundle/Export,2
Ljavax/persistence/metamodel/StaticMetamodel,2
Lorg/jboss/errai/security/server/properties/ErraiAppProperties,2
Lorg/jgroups/annotations/LocalAddress,2
Lorg/testng/annotations/BeforeClass,2
Ljavax/servlet/annotation/WebFilter,2
Ljakarta/enterprise/inject/Produces,2
Ljavax/persistence/Temporal,2
Lorg/checkerframework/framework/qual/DefaultQualifier$List,2
Ljakarta/ws/rs/GET,2
Lorg/aspectj/lang/annotation/RequiredTypes,2
Ljavax/xml/bind/annotation/adapters/XmlJavaTypeAdapters,2
Ljakarta/ws/rs/ext/Provider,2
Lliquibase/pro/packaged/K,2
Lcom/fasterxml/jackson/annotation/JsonTypeName,2
Lorg/codehaus/jackson/map/annotate/JsonCachable,2
Lio/vertx/codegen/annotations/ModuleGen,2
Lorg/springframework/cloud/client/ConditionalOnDiscoveryHealthIndicatorEnabled,2
Lcom/google/gwt/i18n/client/Messages$AlternateMessage,2
Lde/schlund/pfixcore/oxm/impl/annotation/ClassNameAlias,2
Lch/qos/logback/core/joran/spi/NoAutoStart,2
Lde/schlund/pfixcore/beans/Alias,2
Lorg/infinispan/commons/configuration/ConfigurationFor,2
Lorg/jclouds/http/annotation/ClientError,2
Lorg/springframework/transaction/annotation/EnableTransactionManagement,2
Lorg/apache/camel/spi/annotations/Language,1
Lorg/springframework/data/r2dbc/repository/config/EnableR2dbcRepositories,1
Lorg/springframework/security/config/web/servlet/oauth2/client/OAuth2ClientSecurityMarker,1
Ljavax/xml/bind/annotation/XmlIDREF,1
Lnet/bytebuddy/implementation/bind/annotation/BindingPriority,1
Lorg/springframework/cloud/stream/annotation/Input,1
Lcom/amazonaws/services/dynamodbv2/datamodeling/DynamoDBVersioned,1
Lcom/sun/jersey/spi/resource/Singleton,1
Lorg/springframework/integration/config/EnableIntegrationManagement,1
Lorg/uberfire/annotations/Customizable,1
Lorg/parboiled/annotations/DontSkipActionsInPredicates,1
Ljakarta/enterprise/context/control/ActivateRequestContext,1
Lorg/aspectj/lang/annotation/Before,1
Lorg/springframework/data/mongodb/repository/config/EnableMongoRepositories,1
Ljavax/ws/rs/HeaderParam,1
Ljavax/persistence/PostRemove,1
Lorg/springframework/data/couchbase/repository/config/EnableCouchbaseRepositories,1
Ljakarta/decorator/Delegate,1
Lorg/springframework/boot/autoconfigure/AutoConfigurationPackage,1
Ljavax/ejb/AccessTimeout,1
Lorg/springframework/data/annotation/Reference,1
Lorg/springframework/data/cassandra/repository/config/EnableCassandraRepositories,1
Ljavax/persistence/PersistenceContext,1
Ljavax/ws/rs/ApplicationPath,1
Lorg/springframework/validation/annotation/Validated,1
Ljavax/persistence/OneToMany,1
Lorg/apache/camel/spi/annotations/SendDynamic,1
Lorg/springframework/kafka/annotation/EnableKafka,1
Lcom/google/gwt/i18n/client/Constants$DefaultStringMapValue,1
Ljavax/decorator/Decorator,1
Lorg/apache/felix/scr/annotations/References,1
Lorg/springframework/boot/convert/Delimiter,1
Lorg/openqa/selenium/remote/http/HttpClientName,1
Ljdk/jfr/Category,1
Lorg/infinispan/notifications/cachelistener/annotation/CacheEntryExpired,1
Lorg/apache/karaf/shell/commands/Command,1
Lorg/uberfire/commons/concurrent/Managed,1
Lorg/wso2/carbon/registry/core/pagination/Paginate,1
Lorg/apache/hadoop/hdfs/server/namenode/ha/ReadOnly,1
Lorg/springframework/data/neo4j/repository/config/EnableReactiveNeo4jRepositories,1
Lcom/fasterxml/jackson/databind/annotation/JsonPOJOBuilder,1
Lorg/springframework/test/annotation/Rollback,1
Lorg/springframework/amqp/rabbit/annotation/EnableRabbit,1
Lorg/jclouds/concurrent/config/ConfiguresExecutorService,1
Ljakarta/enterprise/context/ApplicationScoped,1
Lorg/codehaus/jackson/annotate/JsonAutoDetect,1
Lorg/springframework/boot/devtools/restart/ConditionalOnInitializedRestarter,1
Lorg/springframework/context/annotation/PropertySource,1
Lkanela/agent/libs/net/bytebuddy/implementation/bind/annotation/RuntimeType,1
Lorg/apache/felix/scr/annotations/Deactivate,1
Lorg/elasticsearch/common/inject/ScopeAnnotation,1
Lorg/apache/felix/scr/annotations/Activate,1
Lorg/apache/yetus/audience/InterfaceStability$Unstable,1
Lorg/springframework/integration/annotation/IntegrationComponentScan,1
Lorg/jclouds/events/config/ConfiguresEventBus,1
Ljavax/validation/constraints/Size,1
Lorg/wildfly/swarm/container/runtime/ImplicitDeployment,1
Lorg/codehaus/enunciate/json/JsonIgnore,1
Lorg/springframework/boot/autoconfigure/condition/ConditionalOnNotWebApplication,1
Lio/vertx/core/cli/annotations/ParsedAsList,1
Lorg/infinispan/notifications/cachelistener/annotation/TransactionCompleted,1
Lorg/jgroups/annotations/RecommendedForUpgrade,1
Ljavax/validation/constraintvalidation/SupportedValidationTarget,1
Lorg/codehaus/enunciate/json/JsonSchema,1
Lorg/springframework/data/redis/repository/configuration/EnableRedisRepositories,1
Lorg/springframework/data/ldap/repository/config/EnableLdapRepositories,1
Ljavax/xml/bind/annotation/XmlAttachmentRef,1
Lorg/commonjava/aprox/inject/Production,1
Lde/schlund/pfixcore/oxm/impl/annotation/SimpleTypeSerializerClass,1
Lorg/jclouds/rest/ConfiguresCredentialStore,1
Lorg/eclipse/rdf4j/common/annotation/InternalUseOnly,1
Lorg/testng/annotations/AfterTest,1
Lcom/wordnik/swagger/annotations/Api,1
Lkotlin/annotation/Repeatable,1
Lorg/apache/logging/log4j/core/config/plugins/PluginNode,1
Lcom/google/common/eventbus/AllowConcurrentEvents,1
Lorg/apache/deltaspike/core/api/lock/Locked,1
Ljavax/jdo/annotations/PersistenceCapable,1
Lkotlin/reflect/jvm/ExperimentalReflectionOnLambdas,1
Lorg/springframework/beans/factory/annotation/Configurable,1
Lorg/springframework/data/jdbc/repository/config/EnableJdbcRepositories,1
Lorg/springframework/boot/SpringBootConfiguration,1
Lorg/apache/openjpa/lib/util/Reflectable,1
Lorg/springframework/data/cassandra/repository/config/EnableReactiveCassandraRepositories,1
Lorg/graalvm/nativeimage/c/function/CFunction,1
Ljavax/ejb/TransactionAttribute,1
Lorg/glassfish/hk2/api/Metadata,1
Lorg/infinispan/notifications/cachelistener/annotation/DataRehashed,1
Lorg/jboss/errai/marshalling/client/api/annotations/ClientMarshaller,1
Ljavax/ejb/Startup,1
Lio/dropwizard/validation/MinDuration,1
Lorg/springframework/web/bind/annotation/Mapping,1
Lcom/google/gwt/i18n/client/LocalizableResource$Description,1
Lorg/glassfish/gmbal/InheritedAttribute,1
Lorg/teiid/metadata/ExtensionMetadataProperty,1
Lcom/google/inject/persist/Transactional,1
Lorg/springframework/jms/annotation/EnableJms,1
Lorg/springframework/data/mongodb/core/mapping/Field,1
Lorg/springframework/data/elasticsearch/repository/config/EnableReactiveElasticsearchRepositories,1
Lorg/testng/annotations/BeforeMethod,1
Ljavax/ejb/Singleton,1
Lorg/glassfish/jersey/process/internal/RequestScoped,1
Lcom/aol/micro/server/config/Microserver,1
Lcom/google/gwt/user/client/rpc/RemoteServiceRelativePath,1
Lcom/google/inject/servlet/ScopingOnly,1
Lorg/atteo/classindex/IndexAnnotated,1
Lcom/sun/jna/Structure$FieldOrder,1
Lorg/jboss/errai/ioc/client/api/AfterInitialization,1
Lorg/uberfire/ext/widgets/common/client/menu/MenuItemDivider,1
Lorg/apache/http/nio/protocol/Pipelined,1
Lorg/uberfire/commons/concurrent/Indexing,1
Lorg/springframework/stereotype/Service,1
Lorg/springframework/data/annotation/ReadOnlyProperty,1
Ljavax/decorator/Delegate,1
Lorg/junit/Ignore,1
Lorg/glassfish/api/amx/AMXMBeanMetadata,1
Lorg/apache/camel/support/language/LanguageAnnotation,1
Lorg/springframework/data/elasticsearch/repository/config/EnableElasticsearchRepositories,1
Lorg/apache/camel/spi/UriParams,1
Lcom/sun/jersey/core/util/Priority,1
Lliquibase/pro/packaged/f,1
Lorg/springframework/security/config/annotation/rsocket/EnableRSocketSecurity,1
Lorg/uberfire/commons/clusterapi/Clustered,1
Lcom/infradna/tool/bridge_method_injector/WithBridgeMethods,1
Lorg/commonjava/web/config/annotation/ConfigNames,1
Lorg/glassfish/jersey/server/model/ParamQualifier,1
Lkotlin/ExperimentalMultiplatform,1
Lorg/apache/deltaspike/core/api/throttling/Throttled,1
Lorg/apache/logging/log4j/core/tools/picocli/CommandLine$Option,1
Lorg/springframework/cloud/client/ConditionalOnBlockingDiscoveryEnabled,1
Lorg/glassfish/hk2/api/ContractIndicator,1
Lorg/jboss/weld/context/activator/ActivateRequestContext,1
Lorg/infinispan/commons/persistence/Store,1
Lcom/google/common/util/concurrent/IgnoreJRERequirement,1
Lorg/springframework/cloud/util/ConditionalOnBootstrapDisabled,1
Ljakarta/decorator/Decorator,1
Lorg/springframework/data/domain/DomainEvents,1
Lorg/junit/Test,1
Lcom/sun/jersey/spi/container/ParamQualifier,1
Lorg/apache/deltaspike/core/api/config/view/metadata/InlineViewMetaData,1
Lorg/springframework/data/web/config/EnableSpringDataWebSupport,1
Lorg/springframework/ws/config/annotation/EnableWs,1
Lorg/springframework/cloud/client/discovery/EnableDiscoveryClient,1
Lorg/infinispan/notifications/cachelistener/annotation/CacheEntryModified,1
Lcom/google/inject/persist/jpa/Jpa,1
Lorg/wildfly/swarm/spi/api/annotations/DeploymentModule,1
Lorg/jboss/errai/common/client/api/interceptor/InterceptedCall,1
Ljavax/persistence/Convert,1
Lcom/nimbusds/jose/shaded/json/annotate/JsonSmartAnnotation,1
Lcom/sun/jersey/spi/container/ResourceFilters,1
Lorg/jboss/weld/environment/se/contexts/activators/ActivateThreadScope,1
Lorg/infinispan/protostream/annotations/ProtoAdapter,1
Lorg/springframework/boot/convert/DataSizeUnit,1
Lorg/kohsuke/args4j/Argument,1
Lorg/uberfire/backend/server/security/IOSecurityAuth,1
Lorg/springframework/data/mongodb/repository/config/EnableReactiveMongoRepositories,1
Lorg/jboss/resteasy/annotations/ContentEncoding,1
Lcom/gargoylesoftware/htmlunit/javascript/configuration/JsxStaticGetter,1
Lorg/springframework/test/context/web/WebAppConfiguration,1
Lorg/jclouds/rest/ConfiguresRestClient,1
Lorg/uberfire/commons/concurrent/Unmanaged,1
Lorg/glassfish/jersey/server/model/ExtendedResource,1
Lcom/gargoylesoftware/htmlunit/javascript/configuration/JsxSymbol,1
Lorg/springframework/integration/config/IntegrationConverter,1
Lorg/glassfish/gmbal/IncludeSubclass,1
Lorg/jboss/errai/security/shared/api/annotation/RestrictedAccess,1
Lorg/wildfly/swarm/container/runtime/cli/CommandLineArgs,1
Ljavax/xml/ws/ResponseWrapper,1
Lorg/springframework/cloud/stream/annotation/StreamRetryTemplate,1
Lio/micronaut/context/annotation/Factory,1
Ljavax/persistence/PostLoad,1
Ljavax/persistence/NamedQueries,1
Lorg/springframework/data/domain/AfterDomainEventPublication,1
Lorg/jgroups/annotations/XmlAttribute,1
Lnet/minidev/json/annotate/JsonSmartAnnotation,1
Lorg/bson/codecs/pojo/annotations/BsonId,1
Lcom/google/inject/servlet/RequestParameters,1
Lorg/springframework/hateoas/config/EnableHypermediaSupport,1
Lorg/codehaus/enunciate/json/JsonType,1
Lcom/google/web/bindery/autobean/shared/AutoBeanFactory$NoWrap,1
Lcom/thoughtworks/xstream/annotations/XStreamAsAttribute,1
Lorg/jboss/errai/marshalling/client/api/annotations/ServerMarshaller,1
Ljavax/xml/ws/ServiceMode,1
Lorg/testng/annotations/AfterMethod,1
Lorg/apache/maven/SessionScoped,1
Lorg/springframework/boot/autoconfigure/EnableAutoConfiguration,1
Ljavax/validation/constraints/AssertTrue,1
Lorg/teiid/translator/Translator,1
Lorg/portablescala/reflect/annotation/EnableReflectiveInstantiation,1
Lcom/google/gwt/user/server/rpc/XsrfProtect,1
Lorg/jboss/errai/config/rebind/EnvironmentConfigExtension,1
Lorg/glassfish/hk2/api/Unproxiable,1
Lorg/codehaus/jackson/annotate/JsonValue,1
Lorg/infinispan/factories/annotations/InfinispanModule,1
Lorg/springframework/cloud/commons/security/ResourceServerTokenRelayAutoConfiguration$ConditionalOnOAuth2ClientInResourceServer,1
Lorg/springframework/scheduling/annotation/EnableScheduling,1
Lorg/infinispan/notifications/cachelistener/annotation/PartitionStatusChanged,1
Lorg/testng/annotations/BeforeTest,1
Lorg/jclouds/rest/ConfiguresHttpApi,1
Lorg/jvnet/hk2/annotations/InhabitantAnnotation,1
Lorg/uberfire/ext/widgets/common/client/menu/MenuItemWithIcon,1
Ljsinterop/annotations/JsConstructor,1
Lorg/springframework/scheduling/annotation/EnableAsync,1
Ljavax/persistence/Version,1
Lorg/springframework/web/bind/annotation/ModelAttribute,1
Lorg/jboss/errai/ui/shared/api/annotations/style/StyleBinding,1
Lorg/wso2/carbon/apimgt/api/model/Default,1
Lretrofit2/internal/EverythingIsNonNull,1
Lcom/google/inject/spi/Toolable,1
Lio/dropwizard/validation/ValidationMethod,1
Lcom/google/gwt/i18n/client/LocalizableResource$GenerateKeys,1
Lorg/jboss/marshalling/Externalize,1
Lorg/springframework/data/neo4j/repository/config/EnableNeo4jRepositories,1
Lorg/apache/deltaspike/core/api/monitoring/InvocationMonitored,1
Lorg/drools/core/factmodel/traits/Trait,1
Lorg/neo4j/annotations/api/PublicApi,1
Lorg/springframework/context/annotation/ImportResource,1
Lorg/apache/shiro/event/Subscribe,1
Lorg/infinispan/notifications/cachelistener/annotation/CacheEntryActivated,1
Lorg/springframework/cloud/util/ConditionalOnBootstrapEnabled,1
Lorg/infinispan/configuration/serializing/SerializedWith,1
Lorg/neo4j/annotations/documented/Documented,1
Lorg/kuali/rice/krad/data/util/Link,1
Lorg/openqa/selenium/remote/Augmentable,1
Lorg/apache/deltaspike/core/api/future/Futureable,1
Lorg/jboss/errai/ioc/client/api/SharedSingleton,1
Lorg/jclouds/concurrent/SingleThreaded,1
Lorg/glassfish/jersey/server/ManagedAsyncExecutor,1
Lorg/springframework/security/config/annotation/web/reactive/EnableWebFluxSecurity,1
Ljavax/ws/rs/MatrixParam,1
Lorg/wso2/carbon/base/api/IdempotentMessage,1
Lorg/springframework/web/bind/annotation/RestController,1
Lorg/springframework/data/annotation/Transient,1
Lorg/springframework/data/jpa/repository/config/EnableJpaRepositories,1
Lcom/amazonaws/services/dynamodbv2/datamodeling/DynamoDBGeneratedUuid,1
Lcom/google/inject/name/Named,1
Ljakarta/ws/rs/Encoded,1
Ljakarta/enterprise/context/NormalScope,1
Lorg/glassfish/jersey/server/BackgroundScheduler,1
Lcom/infradna/tool/bridge_method_injector/BridgeMethodsAdded,1
Lorg/testng/annotations/AfterClass,1
Lorg/apache/hadoop/io/compress/DoNotPool,1
Lcom/google/web/bindery/autobean/shared/AutoBeanFactory$Category,1
Lio/grpc/Internal,1
Lorg/springframework/data/couchbase/repository/config/EnableReactiveCouchbaseRepositories,1
Lorg/uberfire/workbench/annotations/VisibleAsset,1
Lorg/kuali/rice/krad/web/bind/ChangeTracking,1
Lorg/infinispan/notifications/cachemanagerlistener/annotation/Merged,1
Lorg/jclouds/http/config/ConfiguresHttpCommandExecutorService,1
Lorg/graalvm/nativeimage/c/CContext,1
Ljdk/jfr/Description,1
Lorg/uberfire/ext/widgets/common/client/menu/MenuItemHeader,1
Lorg/springframework/data/solr/repository/config/EnableSolrRepositories,1
